[{"model": "admin.logentry", "pk": 1, "fields": {"action_time": "2025-06-03T08:33:47.177Z", "user": 1, "content_type": 4, "object_id": "5", "object_repr": "azlan", "action_flag": 2, "change_message": "[{\"changed\": {\"fields\": [\"Email address\"]}}]"}}, {"model": "auth.user", "pk": 1, "fields": {"password": "pbkdf2_sha256$1000000$kSz3imIKGgFPvlQO2SOh8R$xemgT8SyyYo7DXpkuVW83Amxoapl0wdQ+c2sPqom6pw=", "last_login": "2025-06-02T10:44:30.167Z", "is_superuser": true, "username": "nouman", "first_name": "", "last_name": "", "email": "nouman@devticks.com", "is_staff": true, "is_active": true, "date_joined": "2025-06-02T10:43:54.845Z", "groups": [], "user_permissions": []}}, {"model": "auth.user", "pk": 2, "fields": {"password": "pbkdf2_sha256$1000000$N3KB0pSvZJnspT03hZo5cI$gdPmw6DRAMjzhzC1/Rr6iG3rEpuALjfqIzfg0i3rtz8=", "last_login": null, "is_superuser": false, "username": "test", "first_name": "", "last_name": "", "email": "", "is_staff": false, "is_active": true, "date_joined": "2025-06-02T10:55:38.238Z", "groups": [], "user_permissions": []}}, {"model": "auth.user", "pk": 3, "fields": {"password": "pbkdf2_sha256$1000000$u1BE5Co26MtsMKPw9oZNxm$meh14vUJwF5Exigz8ms0h/4nJBvqFH7380jeuMLvoPk=", "last_login": null, "is_superuser": false, "username": "ahsan", "first_name": "", "last_name": "", "email": "ahsan@example.com", "is_staff": false, "is_active": true, "date_joined": "2025-06-03T07:26:04.382Z", "groups": [], "user_permissions": []}}, {"model": "auth.user", "pk": 4, "fields": {"password": "pbkdf2_sha256$1000000$qDaVl5Uit3qENVj1dAzPxA$FrUkISFogOUws230Hm5S0jBaKV0sWMbBDR8BObNirMs=", "last_login": null, "is_superuser": false, "username": "testuser", "first_name": "", "last_name": "", "email": "testuser@example.com", "is_staff": false, "is_active": true, "date_joined": "2025-06-03T08:29:48.335Z", "groups": [], "user_permissions": []}}, {"model": "auth.user", "pk": 5, "fields": {"password": "pbkdf2_sha256$1000000$piGBYWhuCJ7kqAgPSsx9wJ$s3Sxwa8QlimcfF3B5ysQUJSQkwGJ06FRpQ3uMohbje4=", "last_login": null, "is_superuser": false, "username": "azlan", "first_name": "", "last_name": "", "email": "azlan@example.com", "is_staff": false, "is_active": true, "date_joined": "2025-06-03T08:32:54Z", "groups": [], "user_permissions": []}}, {"model": "auth.user", "pk": 6, "fields": {"password": "pbkdf2_sha256$1000000$NsshFvEPHrBTKA2SafqrNU$JA0aux10+bVSVTrJmPHkqKwsTj6Y+Fv4F2JwmECQU4M=", "last_login": null, "is_superuser": false, "username": "akash", "first_name": "", "last_name": "", "email": "akash@devticks.com", "is_staff": false, "is_active": true, "date_joined": "2025-06-03T08:51:08.548Z", "groups": [], "user_permissions": []}}, {"model": "sessions.session", "pk": "x4wuh1hjrwidtzr25tauip5bv27h6ayc", "fields": {"session_data": ".eJxVjEEOwiAURO_C2hCgUMCl-56B_A-_UjWQlHZlvLs06UIzu3lv5s0C7FsOe6M1LIldmWSX3w4hPqkcID2g3CuPtWzrgvxQ-Ekbn2qi1-10_w4ytNzXAhIashTHQZPRWkmUXoy2h6IRwhmMs_dqQDugU0ICIHURnZezhsQ-X9h7N8o:1uM2ec:tFK5WDHM32VZ9cEFA8X3yWpN0UP6YuSU4ucl4ziFHqE", "expire_date": "2025-06-16T10:44:30.176Z"}}, {"model": "core.uploadedfile", "pk": 1, "fields": {"user": 2, "title": "My Notes", "file": "uploads/Study_Tool_Development_Plan.pdf", "uploaded_at": "2025-06-02T12:48:37.587Z"}}, {"model": "core.uploadedfile", "pk": 2, "fields": {"user": 1, "title": "Study Tool (Development Plan).pdf", "file": "uploads/Study_Tool_Development_Plan_9vVW2V7.pdf", "uploaded_at": "2025-06-03T12:15:47.281Z"}}, {"model": "core.uploadedfile", "pk": 3, "fields": {"user": 1, "title": "Study Tool (Development Plan).pdf", "file": "uploads/Study_Tool_Development_Plan_vvKRDjq.pdf", "uploaded_at": "2025-06-03T12:36:27.377Z"}}, {"model": "core.uploadedfile", "pk": 4, "fields": {"user": 1, "title": "Study Tool (Development Plan).pdf", "file": "uploads/Study_Tool_Development_Plan_Dy0PGPb.pdf", "uploaded_at": "2025-06-03T12:36:33.548Z"}}, {"model": "core.uploadedfile", "pk": 5, "fields": {"user": 5, "title": "Study Tool (Development Plan).pdf", "file": "uploads/Study_Tool_Development_Plan_tYTIoqh.pdf", "uploaded_at": "2025-06-03T12:39:08.337Z"}}, {"model": "core.uploadedfile", "pk": 6, "fields": {"user": 1, "title": "Study Tool (Development Plan).pdf", "file": "uploads/Study_Tool_Development_Plan_1cWGQ2v.pdf", "uploaded_at": "2025-06-03T13:03:33.420Z"}}, {"model": "core.uploadedfile", "pk": 7, "fields": {"user": 1, "title": "Study Tool (Development Plan).pdf", "file": "uploads/Study_Tool_Development_Plan_G3xEFtf.pdf", "uploaded_at": "2025-06-03T13:04:48.612Z"}}, {"model": "core.uploadedfile", "pk": 8, "fields": {"user": 1, "title": "Study Tool (Development Plan).pdf", "file": "uploads/Study_Tool_Development_Plan_c1fjAQE.pdf", "uploaded_at": "2025-06-03T13:08:12.829Z"}}, {"model": "core.uploadedfile", "pk": 9, "fields": {"user": 1, "title": "Study Tool (Development Plan).pdf", "file": "uploads/Study_Tool_Development_Plan_23hqRu0.pdf", "uploaded_at": "2025-06-03T13:19:10.336Z"}}, {"model": "core.uploadedfile", "pk": 10, "fields": {"user": 1, "title": "Study Tool (Development Plan).pdf", "file": "uploads/Study_Tool_Development_Plan_fYc3rg7.pdf", "uploaded_at": "2025-06-03T13:20:11.182Z"}}, {"model": "core.uploadedfile", "pk": 11, "fields": {"user": 1, "title": "Study Tool (Development Plan).pdf", "file": "uploads/Study_Tool_Development_Plan_Ut9UwFA.pdf", "uploaded_at": "2025-06-03T13:24:45.433Z"}}, {"model": "core.uploadedfile", "pk": 12, "fields": {"user": 1, "title": "Study Tool (Development Plan).pdf", "file": "uploads/Study_Tool_Development_Plan_qW6l9Wm.pdf", "uploaded_at": "2025-06-03T13:25:51.796Z"}}, {"model": "core.uploadedfile", "pk": 13, "fields": {"user": 1, "title": "Study Tool (Development Plan).pdf", "file": "uploads/Study_Tool_Development_Plan_sYDvEut.pdf", "uploaded_at": "2025-06-03T13:35:11.884Z"}}, {"model": "core.uploadedfile", "pk": 14, "fields": {"user": 1, "title": "Study Tool (Development Plan).pdf", "file": "uploads/Study_Tool_Development_Plan_hWJj9lq.pdf", "uploaded_at": "2025-06-03T13:37:53.390Z"}}, {"model": "core.uploadedfile", "pk": 15, "fields": {"user": 1, "title": "Study Tool (Development Plan).pdf", "file": "uploads/Study_Tool_Development_Plan_GUbyxz9.pdf", "uploaded_at": "2025-06-03T13:43:35.644Z"}}, {"model": "core.uploadedfile", "pk": 16, "fields": {"user": 1, "title": "Study Tool (Development Plan).pdf", "file": "uploads/Study_Tool_Development_Plan_U4Z48iA.pdf", "uploaded_at": "2025-06-03T13:48:14.834Z"}}, {"model": "core.uploadedfile", "pk": 17, "fields": {"user": 1, "title": "Study Tool (Development Plan).pdf", "file": "uploads/Study_Tool_Development_Plan_PwHBz2l.pdf", "uploaded_at": "2025-06-03T13:49:05.162Z"}}, {"model": "token_blacklist.outstandingtoken", "pk": 1, "fields": {"user": 2, "jti": "cfc9955afe224dd183645ad515007e85", "token": "eyJhbGciOiJIUzI1NiIsInR5cCI6IkpXVCJ9.eyJ0b2tlbl90eXBlIjoicmVmcmVzaCIsImV4cCI6MTc0ODk0ODEzOCwiaWF0IjoxNzQ4ODYxNzM4LCJqdGkiOiJjZmM5OTU1YWZlMjI0ZGQxODM2NDVhZDUxNTAwN2U4NSIsInVzZXJfaWQiOjJ9._6nuP0-K4Zgr7blFabRkjK3W9U5IsrHVAZhpuEzOOCU", "created_at": "2025-06-02T10:55:38.956Z", "expires_at": "2025-06-03T10:55:38Z"}}, {"model": "token_blacklist.outstandingtoken", "pk": 2, "fields": {"user": 2, "jti": "9f4d2db59c1c457f8e978293497934b8", "token": "eyJhbGciOiJIUzI1NiIsInR5cCI6IkpXVCJ9.eyJ0b2tlbl90eXBlIjoicmVmcmVzaCIsImV4cCI6MTc0ODk0ODE3MywiaWF0IjoxNzQ4ODYxNzczLCJqdGkiOiI5ZjRkMmRiNTljMWM0NTdmOGU5NzgyOTM0OTc5MzRiOCIsInVzZXJfaWQiOjJ9.g0fQOEZ5F2sSrlheWxARNqe6UTpumoDkBQU_jPkBVkw", "created_at": "2025-06-02T10:56:13.951Z", "expires_at": "2025-06-03T10:56:13Z"}}, {"model": "token_blacklist.outstandingtoken", "pk": 3, "fields": {"user": 2, "jti": "f57d965f79a3417ab4ebbc39f4862bb4", "token": "eyJhbGciOiJIUzI1NiIsInR5cCI6IkpXVCJ9.eyJ0b2tlbl90eXBlIjoicmVmcmVzaCIsImV4cCI6MTc0ODk0ODI3MywiaWF0IjoxNzQ4ODYxODczLCJqdGkiOiJmNTdkOTY1Zjc5YTM0MTdhYjRlYmJjMzlmNDg2MmJiNCIsInVzZXJfaWQiOjJ9.kLVZ7qYzTek3wvpII7NQtpLwpieIoeR01rQCdUI2jTs", "created_at": "2025-06-02T10:57:53.147Z", "expires_at": "2025-06-03T10:57:53Z"}}, {"model": "token_blacklist.outstandingtoken", "pk": 4, "fields": {"user": 2, "jti": "33b6126d022842b6883757598e9915d9", "token": "eyJhbGciOiJIUzI1NiIsInR5cCI6IkpXVCJ9.eyJ0b2tlbl90eXBlIjoicmVmcmVzaCIsImV4cCI6MTc0ODk1NDAzNiwiaWF0IjoxNzQ4ODY3NjM2LCJqdGkiOiIzM2I2MTI2ZDAyMjg0MmI2ODgzNzU3NTk4ZTk5MTVkOSIsInVzZXJfaWQiOjJ9.8WlvOMPYHmJtcxd1E27dze6LvYKG95yAIOKhXn-YW34", "created_at": "2025-06-02T12:33:56.013Z", "expires_at": "2025-06-03T12:33:56Z"}}, {"model": "token_blacklist.outstandingtoken", "pk": 5, "fields": {"user": 2, "jti": "3edd79372f7043a4843c9c49baf1eebc", "token": "eyJhbGciOiJIUzI1NiIsInR5cCI6IkpXVCJ9.eyJ0b2tlbl90eXBlIjoicmVmcmVzaCIsImV4cCI6MTc0ODk1NDQxOSwiaWF0IjoxNzQ4ODY4MDE5LCJqdGkiOiIzZWRkNzkzNzJmNzA0M2E0ODQzYzljNDliYWYxZWViYyIsInVzZXJfaWQiOjJ9.qbBjYW0a4IeZiH9o0jZApasmP5aS7BQH2rzWw657cCM", "created_at": "2025-06-02T12:40:19.460Z", "expires_at": "2025-06-03T12:40:19Z"}}, {"model": "token_blacklist.outstandingtoken", "pk": 6, "fields": {"user": 2, "jti": "677faa655f0047f68f6d970b464dc58b", "token": "eyJhbGciOiJIUzI1NiIsInR5cCI6IkpXVCJ9.eyJ0b2tlbl90eXBlIjoicmVmcmVzaCIsImV4cCI6MTc0ODk1NDg3NCwiaWF0IjoxNzQ4ODY4NDc0LCJqdGkiOiI2NzdmYWE2NTVmMDA0N2Y2OGY2ZDk3MGI0NjRkYzU4YiIsInVzZXJfaWQiOjJ9.Fjl1gKHyM239DP-Y-1oZS3_8uM0rx4w2WzOxuPaWLN0", "created_at": "2025-06-02T12:47:54.176Z", "expires_at": "2025-06-03T12:47:54Z"}}, {"model": "token_blacklist.outstandingtoken", "pk": 7, "fields": {"user": 1, "jti": "d930906814234a1ea15624093174fc40", "token": "eyJhbGciOiJIUzI1NiIsInR5cCI6IkpXVCJ9.eyJ0b2tlbl90eXBlIjoicmVmcmVzaCIsImV4cCI6MTc0ODk2MjkyOSwiaWF0IjoxNzQ4ODc2NTI5LCJqdGkiOiJkOTMwOTA2ODE0MjM0YTFlYTE1NjI0MDkzMTc0ZmM0MCIsInVzZXJfaWQiOjF9._BTWgAqY9IlBf26Ppt7FWBTqZ6OyY1eA-wGRsXEF2GE", "created_at": "2025-06-02T15:02:09.355Z", "expires_at": "2025-06-03T15:02:09Z"}}, {"model": "token_blacklist.outstandingtoken", "pk": 8, "fields": {"user": 1, "jti": "9203c538daa648a080fe2bb0832ac2f4", "token": "eyJhbGciOiJIUzI1NiIsInR5cCI6IkpXVCJ9.eyJ0b2tlbl90eXBlIjoicmVmcmVzaCIsImV4cCI6MTc0OTAyMDM4OSwiaWF0IjoxNzQ4OTMzOTg5LCJqdGkiOiI5MjAzYzUzOGRhYTY0OGEwODBmZTJiYjA4MzJhYzJmNCIsInVzZXJfaWQiOjF9.4vaYHdiZGmRmxWe-QuRcnnWeSKDdiXX7CTuInNZXvT4", "created_at": "2025-06-03T06:59:49.887Z", "expires_at": "2025-06-04T06:59:49Z"}}, {"model": "token_blacklist.outstandingtoken", "pk": 9, "fields": {"user": 3, "jti": "2986a0174d8e49d5a2d491609cc9b3a0", "token": "eyJhbGciOiJIUzI1NiIsInR5cCI6IkpXVCJ9.eyJ0b2tlbl90eXBlIjoicmVmcmVzaCIsImV4cCI6MTc0OTAyMTk2NCwiaWF0IjoxNzQ4OTM1NTY0LCJqdGkiOiIyOTg2YTAxNzRkOGU0OWQ1YTJkNDkxNjA5Y2M5YjNhMCIsInVzZXJfaWQiOjN9.BndO8E8rx_ECBWwbKI5m8CvFlAruN2iqaGuGwwiMzQE", "created_at": "2025-06-03T07:26:04.795Z", "expires_at": "2025-06-04T07:26:04Z"}}, {"model": "token_blacklist.outstandingtoken", "pk": 10, "fields": {"user": 3, "jti": "057cd36cacdc47ee80f39d5b0558f590", "token": "eyJhbGciOiJIUzI1NiIsInR5cCI6IkpXVCJ9.eyJ0b2tlbl90eXBlIjoicmVmcmVzaCIsImV4cCI6MTc0OTAyMjgxNiwiaWF0IjoxNzQ4OTM2NDE2LCJqdGkiOiIwNTdjZDM2Y2FjZGM0N2VlODBmMzlkNWIwNTU4ZjU5MCIsInVzZXJfaWQiOjN9.eCL3fLRUTYRZtqrj53KpiIH7MEoaPH_n9dVAFvqn2yE", "created_at": "2025-06-03T07:40:16.026Z", "expires_at": "2025-06-04T07:40:16Z"}}, {"model": "token_blacklist.outstandingtoken", "pk": 11, "fields": {"user": 3, "jti": "402aa06a51914142bacaab89db7b17c1", "token": "eyJhbGciOiJIUzI1NiIsInR5cCI6IkpXVCJ9.eyJ0b2tlbl90eXBlIjoicmVmcmVzaCIsImV4cCI6MTc0OTAyMzQ5NywiaWF0IjoxNzQ4OTM3MDk3LCJqdGkiOiI0MDJhYTA2YTUxOTE0MTQyYmFjYWFiODlkYjdiMTdjMSIsInVzZXJfaWQiOjN9.8GYNnjv74uZVEW8VdUATWVS6pBDh5aiMsXX_Tyqqc40", "created_at": "2025-06-03T07:51:37.116Z", "expires_at": "2025-06-04T07:51:37Z"}}, {"model": "token_blacklist.outstandingtoken", "pk": 12, "fields": {"user": 3, "jti": "f183538d865344309da6bbbba7e18962", "token": "eyJhbGciOiJIUzI1NiIsInR5cCI6IkpXVCJ9.eyJ0b2tlbl90eXBlIjoicmVmcmVzaCIsImV4cCI6MTc0OTAyNDQyNCwiaWF0IjoxNzQ4OTM4MDI0LCJqdGkiOiJmMTgzNTM4ZDg2NTM0NDMwOWRhNmJiYmJhN2UxODk2MiIsInVzZXJfaWQiOjN9.jL9UDwez8qPNyOKhMJYQnTcAIkm1PwiR_Z2tMxFy5gM", "created_at": "2025-06-03T08:07:04.543Z", "expires_at": "2025-06-04T08:07:04Z"}}, {"model": "token_blacklist.outstandingtoken", "pk": 13, "fields": {"user": 3, "jti": "92f9682205374bd8865f4914129129c5", "token": "eyJhbGciOiJIUzI1NiIsInR5cCI6IkpXVCJ9.eyJ0b2tlbl90eXBlIjoicmVmcmVzaCIsImV4cCI6MTc0OTAyNDQ0NSwiaWF0IjoxNzQ4OTM4MDQ1LCJqdGkiOiI5MmY5NjgyMjA1Mzc0YmQ4ODY1ZjQ5MTQxMjkxMjljNSIsInVzZXJfaWQiOjN9.XyQigrjlJnsB9kbUK8K_O_1_jP2degevKl6tNxWreFI", "created_at": "2025-06-03T08:07:25.341Z", "expires_at": "2025-06-04T08:07:25Z"}}, {"model": "token_blacklist.outstandingtoken", "pk": 14, "fields": {"user": 3, "jti": "0672e7db635749b6a3c9a37239bf1eb1", "token": "eyJhbGciOiJIUzI1NiIsInR5cCI6IkpXVCJ9.eyJ0b2tlbl90eXBlIjoicmVmcmVzaCIsImV4cCI6MTc0OTAyNDQ4NiwiaWF0IjoxNzQ4OTM4MDg2LCJqdGkiOiIwNjcyZTdkYjYzNTc0OWI2YTNjOWEzNzIzOWJmMWViMSIsInVzZXJfaWQiOjN9.DLPqb4ZEBp2QcatI7xDOmWmJd8T3nAv93LLE4w3Nwbo", "created_at": "2025-06-03T08:08:06.350Z", "expires_at": "2025-06-04T08:08:06Z"}}, {"model": "token_blacklist.outstandingtoken", "pk": 15, "fields": {"user": 3, "jti": "bce7fbc1e02144ff999b100ba487e3a7", "token": "eyJhbGciOiJIUzI1NiIsInR5cCI6IkpXVCJ9.eyJ0b2tlbl90eXBlIjoicmVmcmVzaCIsImV4cCI6MTc0OTAyNDQ5MywiaWF0IjoxNzQ4OTM4MDkzLCJqdGkiOiJiY2U3ZmJjMWUwMjE0NGZmOTk5YjEwMGJhNDg3ZTNhNyIsInVzZXJfaWQiOjN9.4d3QrMgaG7eGtTV6M6xkx0CLKzQE6CH38fTcQqepVss", "created_at": "2025-06-03T08:08:13.649Z", "expires_at": "2025-06-04T08:08:13Z"}}, {"model": "token_blacklist.outstandingtoken", "pk": 16, "fields": {"user": 3, "jti": "b2b3ec78842d4f01b742e8cb810fb1ef", "token": "eyJhbGciOiJIUzI1NiIsInR5cCI6IkpXVCJ9.eyJ0b2tlbl90eXBlIjoicmVmcmVzaCIsImV4cCI6MTc0OTAyNDYzMiwiaWF0IjoxNzQ4OTM4MjMyLCJqdGkiOiJiMmIzZWM3ODg0MmQ0ZjAxYjc0MmU4Y2I4MTBmYjFlZiIsInVzZXJfaWQiOjN9.yJtBNYVaZ5_q34Xef4CrwpVdqYKE1FnwvsQaMD9fonA", "created_at": "2025-06-03T08:10:32.414Z", "expires_at": "2025-06-04T08:10:32Z"}}, {"model": "token_blacklist.outstandingtoken", "pk": 17, "fields": {"user": 3, "jti": "dba11b28d55448e2910028eef22affdd", "token": "eyJhbGciOiJIUzI1NiIsInR5cCI6IkpXVCJ9.eyJ0b2tlbl90eXBlIjoicmVmcmVzaCIsImV4cCI6MTc0OTAyNDgxNywiaWF0IjoxNzQ4OTM4NDE3LCJqdGkiOiJkYmExMWIyOGQ1NTQ0OGUyOTEwMDI4ZWVmMjJhZmZkZCIsInVzZXJfaWQiOjN9.yDlxO9iUFrVTgCy3MDNyQwbcddZFN24gJQPGnrbnCxQ", "created_at": "2025-06-03T08:13:37.832Z", "expires_at": "2025-06-04T08:13:37Z"}}, {"model": "token_blacklist.outstandingtoken", "pk": 18, "fields": {"user": 4, "jti": "00cebd080f5b439491d26bbfd459d3bb", "token": "eyJhbGciOiJIUzI1NiIsInR5cCI6IkpXVCJ9.eyJ0b2tlbl90eXBlIjoicmVmcmVzaCIsImV4cCI6MTc0OTAyNTc4OCwiaWF0IjoxNzQ4OTM5Mzg4LCJqdGkiOiIwMGNlYmQwODBmNWI0Mzk0OTFkMjZiYmZkNDU5ZDNiYiIsInVzZXJfaWQiOjR9.vfRZLCJBPu6BQUjpndfau0RaRKzm3SaMcvF3OhNV0f8", "created_at": "2025-06-03T08:29:48.747Z", "expires_at": "2025-06-04T08:29:48Z"}}, {"model": "token_blacklist.outstandingtoken", "pk": 19, "fields": {"user": 5, "jti": "f238f744940349f69c508c312ec70360", "token": "eyJhbGciOiJIUzI1NiIsInR5cCI6IkpXVCJ9.eyJ0b2tlbl90eXBlIjoicmVmcmVzaCIsImV4cCI6MTc0OTAyNTk3NCwiaWF0IjoxNzQ4OTM5NTc0LCJqdGkiOiJmMjM4Zjc0NDk0MDM0OWY2OWM1MDhjMzEyZWM3MDM2MCIsInVzZXJfaWQiOjV9.OvOwrUeOf6ZUy62MFpXD5_vh2LfU1X7MDD0Z2eEGzZ8", "created_at": "2025-06-03T08:32:54.632Z", "expires_at": "2025-06-04T08:32:54Z"}}, {"model": "token_blacklist.outstandingtoken", "pk": 20, "fields": {"user": 5, "jti": "04585cde34654ba0820e3aea03969cac", "token": "eyJhbGciOiJIUzI1NiIsInR5cCI6IkpXVCJ9.eyJ0b2tlbl90eXBlIjoicmVmcmVzaCIsImV4cCI6MTc0OTAyNjAzMSwiaWF0IjoxNzQ4OTM5NjMxLCJqdGkiOiIwNDU4NWNkZTM0NjU0YmEwODIwZTNhZWEwMzk2OWNhYyIsInVzZXJfaWQiOjV9.nVJ-jnzwdyqo9NTQih9F_t6UsJw3hAm3oZySm6uG3pU", "created_at": "2025-06-03T08:33:51.619Z", "expires_at": "2025-06-04T08:33:51Z"}}, {"model": "token_blacklist.outstandingtoken", "pk": 21, "fields": {"user": 5, "jti": "eae433ce75c54e99927122d344c569a4", "token": "eyJhbGciOiJIUzI1NiIsInR5cCI6IkpXVCJ9.eyJ0b2tlbl90eXBlIjoicmVmcmVzaCIsImV4cCI6MTc0OTAyNjY2NSwiaWF0IjoxNzQ4OTQwMjY1LCJqdGkiOiJlYWU0MzNjZTc1YzU0ZTk5OTI3MTIyZDM0NGM1NjlhNCIsInVzZXJfaWQiOjV9.N6B_1DQr59TSX6WARYTKOWXmksVVb4kT1qJgw-xuZ5s", "created_at": "2025-06-03T08:44:25.121Z", "expires_at": "2025-06-04T08:44:25Z"}}, {"model": "token_blacklist.outstandingtoken", "pk": 22, "fields": {"user": 6, "jti": "2076145366864dcabdacef5b3c7dfc14", "token": "eyJhbGciOiJIUzI1NiIsInR5cCI6IkpXVCJ9.eyJ0b2tlbl90eXBlIjoicmVmcmVzaCIsImV4cCI6MTc0OTAyNzA2OCwiaWF0IjoxNzQ4OTQwNjY4LCJqdGkiOiIyMDc2MTQ1MzY2ODY0ZGNhYmRhY2VmNWIzYzdkZmMxNCIsInVzZXJfaWQiOjZ9.WIKI5srlE4_0R6B8pNoapNiKVmzNidT4SaX-ZIX1r3k", "created_at": "2025-06-03T08:51:08.967Z", "expires_at": "2025-06-04T08:51:08Z"}}, {"model": "token_blacklist.outstandingtoken", "pk": 23, "fields": {"user": 6, "jti": "4919bb2e4d6c4c358a9f08ac1843124d", "token": "eyJhbGciOiJIUzI1NiIsInR5cCI6IkpXVCJ9.eyJ0b2tlbl90eXBlIjoicmVmcmVzaCIsImV4cCI6MTc0OTAyNzEwNCwiaWF0IjoxNzQ4OTQwNzA0LCJqdGkiOiI0OTE5YmIyZTRkNmM0YzM1OGE5ZjA4YWMxODQzMTI0ZCIsInVzZXJfaWQiOjZ9.ANy1BI59XIWt6KXmlRJ5OQjKsjMBs9IXPnMivLARYFQ", "created_at": "2025-06-03T08:51:44.079Z", "expires_at": "2025-06-04T08:51:44Z"}}, {"model": "token_blacklist.outstandingtoken", "pk": 24, "fields": {"user": 5, "jti": "2d2e046413e94417bfe95dddeaaf2ab1", "token": "eyJhbGciOiJIUzI1NiIsInR5cCI6IkpXVCJ9.eyJ0b2tlbl90eXBlIjoicmVmcmVzaCIsImV4cCI6MTc0OTAyNzgxNiwiaWF0IjoxNzQ4OTQxNDE2LCJqdGkiOiIyZDJlMDQ2NDEzZTk0NDE3YmZlOTVkZGRlYWFmMmFiMSIsInVzZXJfaWQiOjV9.-7XsDiTTGNcvzeq6d68fbPzCccEeb0Pq1ZwiLxmffWk", "created_at": "2025-06-03T09:03:36.307Z", "expires_at": "2025-06-04T09:03:36Z"}}, {"model": "token_blacklist.outstandingtoken", "pk": 25, "fields": {"user": 5, "jti": "d1e7c8406eeb498f8d69444599287bc4", "token": "eyJhbGciOiJIUzI1NiIsInR5cCI6IkpXVCJ9.eyJ0b2tlbl90eXBlIjoicmVmcmVzaCIsImV4cCI6MTc0OTAyNzg0MiwiaWF0IjoxNzQ4OTQxNDQyLCJqdGkiOiJkMWU3Yzg0MDZlZWI0OThmOGQ2OTQ0NDU5OTI4N2JjNCIsInVzZXJfaWQiOjV9.GVrxssEagf2tBR63olSI3z7jgZ5ONUf4ChJLxGLhcro", "created_at": "2025-06-03T09:04:02.841Z", "expires_at": "2025-06-04T09:04:02Z"}}, {"model": "token_blacklist.outstandingtoken", "pk": 26, "fields": {"user": 5, "jti": "b5912a4e48d24d3083007bf0fcc1c60c", "token": "eyJhbGciOiJIUzI1NiIsInR5cCI6IkpXVCJ9.eyJ0b2tlbl90eXBlIjoicmVmcmVzaCIsImV4cCI6MTc0OTAyODA1MywiaWF0IjoxNzQ4OTQxNjUzLCJqdGkiOiJiNTkxMmE0ZTQ4ZDI0ZDMwODMwMDdiZjBmY2MxYzYwYyIsInVzZXJfaWQiOjV9.aCVT2ZK9yqOZ4iByP2Hhy_RvyQqp473KbSAEzF2BrKE", "created_at": "2025-06-03T09:07:33.546Z", "expires_at": "2025-06-04T09:07:33Z"}}, {"model": "token_blacklist.outstandingtoken", "pk": 27, "fields": {"user": 5, "jti": "8512a47bbd064263b93ee7d81d133bb3", "token": "eyJhbGciOiJIUzI1NiIsInR5cCI6IkpXVCJ9.eyJ0b2tlbl90eXBlIjoicmVmcmVzaCIsImV4cCI6MTc0OTAyODE2OCwiaWF0IjoxNzQ4OTQxNzY4LCJqdGkiOiI4NTEyYTQ3YmJkMDY0MjYzYjkzZWU3ZDgxZDEzM2JiMyIsInVzZXJfaWQiOjV9.lS_S39ePJbWPv8xUvOgGh7BqRtzZEltSCtkUfkyIqPY", "created_at": "2025-06-03T09:09:28.461Z", "expires_at": "2025-06-04T09:09:28Z"}}, {"model": "token_blacklist.outstandingtoken", "pk": 28, "fields": {"user": 4, "jti": "fab0ff462e254f60a37dd4c430b604f6", "token": "eyJhbGciOiJIUzI1NiIsInR5cCI6IkpXVCJ9.eyJ0b2tlbl90eXBlIjoicmVmcmVzaCIsImV4cCI6MTc0OTAzMTQ3MiwiaWF0IjoxNzQ4OTQ1MDcyLCJqdGkiOiJmYWIwZmY0NjJlMjU0ZjYwYTM3ZGQ0YzQzMGI2MDRmNiIsInVzZXJfaWQiOjR9.IpX9WL-8MzSVCuXT4OytDSj0LJjyOS6yZopDmpnJ064", "created_at": "2025-06-03T10:04:32.646Z", "expires_at": "2025-06-04T10:04:32Z"}}, {"model": "token_blacklist.outstandingtoken", "pk": 29, "fields": {"user": 4, "jti": "2ec1acc666f24f27be15c9f00f5d15ba", "token": "eyJhbGciOiJIUzI1NiIsInR5cCI6IkpXVCJ9.eyJ0b2tlbl90eXBlIjoicmVmcmVzaCIsImV4cCI6MTc0OTAzMTgxNCwiaWF0IjoxNzQ4OTQ1NDE0LCJqdGkiOiIyZWMxYWNjNjY2ZjI0ZjI3YmUxNWM5ZjAwZjVkMTViYSIsInVzZXJfaWQiOjR9.ucCGu8sE9U3-qRLP-OZEIuMpmwSOzdqowqG5ZQExVVo", "created_at": "2025-06-03T10:10:14.840Z", "expires_at": "2025-06-04T10:10:14Z"}}, {"model": "token_blacklist.outstandingtoken", "pk": 30, "fields": {"user": 4, "jti": "fa17a645448e494a82662771e00ae0a1", "token": "eyJhbGciOiJIUzI1NiIsInR5cCI6IkpXVCJ9.eyJ0b2tlbl90eXBlIjoicmVmcmVzaCIsImV4cCI6MTc0OTAzMTkwMiwiaWF0IjoxNzQ4OTQ1NTAyLCJqdGkiOiJmYTE3YTY0NTQ0OGU0OTRhODI2NjI3NzFlMDBhZTBhMSIsInVzZXJfaWQiOjR9.fm42odSXOmFxomb2LG2S7XzwXNowBIL0RdXE6zvAB8Y", "created_at": "2025-06-03T10:11:42.795Z", "expires_at": "2025-06-04T10:11:42Z"}}, {"model": "token_blacklist.outstandingtoken", "pk": 31, "fields": {"user": 5, "jti": "2efd552c59fd4c76bae7f18e64133377", "token": "eyJhbGciOiJIUzI1NiIsInR5cCI6IkpXVCJ9.eyJ0b2tlbl90eXBlIjoicmVmcmVzaCIsImV4cCI6MTc0OTAzMTk5OSwiaWF0IjoxNzQ4OTQ1NTk5LCJqdGkiOiIyZWZkNTUyYzU5ZmQ0Yzc2YmFlN2YxOGU2NDEzMzM3NyIsInVzZXJfaWQiOjV9.xmDxuxsOdFG4A8FhTL1inFZTtjNDD55qtk2QRcpIZ64", "created_at": "2025-06-03T10:13:19.142Z", "expires_at": "2025-06-04T10:13:19Z"}}, {"model": "token_blacklist.outstandingtoken", "pk": 32, "fields": {"user": 5, "jti": "fd3c921fac9d4397a91950aa0d6263cb", "token": "eyJhbGciOiJIUzI1NiIsInR5cCI6IkpXVCJ9.eyJ0b2tlbl90eXBlIjoicmVmcmVzaCIsImV4cCI6MTc0OTAzMjAxMSwiaWF0IjoxNzQ4OTQ1NjExLCJqdGkiOiJmZDNjOTIxZmFjOWQ0Mzk3YTkxOTUwYWEwZDYyNjNjYiIsInVzZXJfaWQiOjV9.44UfgWRqNiDeIDSA-6vtS0d5gQEf5A9jya30_1r6O6U", "created_at": "2025-06-03T10:13:31.733Z", "expires_at": "2025-06-04T10:13:31Z"}}, {"model": "token_blacklist.outstandingtoken", "pk": 33, "fields": {"user": 6, "jti": "4fb885075b0b4980ba7570ef14846f80", "token": "eyJhbGciOiJIUzI1NiIsInR5cCI6IkpXVCJ9.eyJ0b2tlbl90eXBlIjoicmVmcmVzaCIsImV4cCI6MTc0OTAzMjAzNiwiaWF0IjoxNzQ4OTQ1NjM2LCJqdGkiOiI0ZmI4ODUwNzViMGI0OTgwYmE3NTcwZWYxNDg0NmY4MCIsInVzZXJfaWQiOjZ9.NuSOi5QGg33ABoDT1khY3CW6mLRDzFPoS9yfi2xHV_I", "created_at": "2025-06-03T10:13:56.540Z", "expires_at": "2025-06-04T10:13:56Z"}}, {"model": "token_blacklist.outstandingtoken", "pk": 34, "fields": {"user": 5, "jti": "de5bd43872b045c4becbe73dc44b678e", "token": "eyJhbGciOiJIUzI1NiIsInR5cCI6IkpXVCJ9.eyJ0b2tlbl90eXBlIjoicmVmcmVzaCIsImV4cCI6MTc0OTAzMjE1NywiaWF0IjoxNzQ4OTQ1NzU3LCJqdGkiOiJkZTViZDQzODcyYjA0NWM0YmVjYmU3M2RjNDRiNjc4ZSIsInVzZXJfaWQiOjV9.KxV_EDkO0O5K81_xzKUROe-8PyES63MAjiauVxVtmaI", "created_at": "2025-06-03T10:15:57.419Z", "expires_at": "2025-06-04T10:15:57Z"}}, {"model": "token_blacklist.outstandingtoken", "pk": 35, "fields": {"user": 5, "jti": "71c078d585d94543ac6b65246fc27755", "token": "eyJhbGciOiJIUzI1NiIsInR5cCI6IkpXVCJ9.eyJ0b2tlbl90eXBlIjoicmVmcmVzaCIsImV4cCI6MTc0OTAzNjE4MSwiaWF0IjoxNzQ4OTQ5NzgxLCJqdGkiOiI3MWMwNzhkNTg1ZDk0NTQzYWM2YjY1MjQ2ZmMyNzc1NSIsInVzZXJfaWQiOjV9.kReMQEaAuqL5qI2GD4luKYUmOSfmRoGzEYzUJoSCzvw", "created_at": "2025-06-03T11:23:01.243Z", "expires_at": "2025-06-04T11:23:01Z"}}, {"model": "token_blacklist.outstandingtoken", "pk": 36, "fields": {"user": 5, "jti": "2c20c6d16a084c70b895148aa4854f45", "token": "eyJhbGciOiJIUzI1NiIsInR5cCI6IkpXVCJ9.eyJ0b2tlbl90eXBlIjoicmVmcmVzaCIsImV4cCI6MTc0OTAzNjQzNiwiaWF0IjoxNzQ4OTUwMDM2LCJqdGkiOiIyYzIwYzZkMTZhMDg0YzcwYjg5NTE0OGFhNDg1NGY0NSIsInVzZXJfaWQiOjV9.rR5En2NBupSGKZSObKL3pUBd0FgL_cAEpEG_w7f-pbg", "created_at": "2025-06-03T11:27:16.222Z", "expires_at": "2025-06-04T11:27:16Z"}}, {"model": "token_blacklist.outstandingtoken", "pk": 37, "fields": {"user": 1, "jti": "30182d244a6245088116f862a7a61b6f", "token": "eyJhbGciOiJIUzI1NiIsInR5cCI6IkpXVCJ9.eyJ0b2tlbl90eXBlIjoicmVmcmVzaCIsImV4cCI6MTc0OTAzNzI4OCwiaWF0IjoxNzQ4OTUwODg4LCJqdGkiOiIzMDE4MmQyNDRhNjI0NTA4ODExNmY4NjJhN2E2MWI2ZiIsInVzZXJfaWQiOjF9.ZOYD_5Sz9b_-lUprXEEIpQgAquzcswppjk45MxJA0qY", "created_at": "2025-06-03T11:41:28.241Z", "expires_at": "2025-06-04T11:41:28Z"}}, {"model": "token_blacklist.outstandingtoken", "pk": 38, "fields": {"user": 1, "jti": "89474ae44df945a4a66f820c758aca95", "token": "eyJhbGciOiJIUzI1NiIsInR5cCI6IkpXVCJ9.eyJ0b2tlbl90eXBlIjoicmVmcmVzaCIsImV4cCI6MTc0OTAzNzUyNywiaWF0IjoxNzQ4OTUxMTI3LCJqdGkiOiI4OTQ3NGFlNDRkZjk0NWE0YTY2ZjgyMGM3NThhY2E5NSIsInVzZXJfaWQiOjF9.bZjghLmipvhsS8adD1-XjFL6d6WNGC_-gvZTLsgESkM", "created_at": "2025-06-03T11:45:27.724Z", "expires_at": "2025-06-04T11:45:27Z"}}, {"model": "token_blacklist.outstandingtoken", "pk": 39, "fields": {"user": 1, "jti": "505704a306f54d77ba4d1936375879c0", "token": "eyJhbGciOiJIUzI1NiIsInR5cCI6IkpXVCJ9.eyJ0b2tlbl90eXBlIjoicmVmcmVzaCIsImV4cCI6MTc0OTAzOTM0MCwiaWF0IjoxNzQ4OTUyOTQwLCJqdGkiOiI1MDU3MDRhMzA2ZjU0ZDc3YmE0ZDE5MzYzNzU4NzljMCIsInVzZXJfaWQiOjF9.vPd4C0wPEqCYh0khxdz9T8IwDYiqwR36F50s5hwPHh4", "created_at": "2025-06-03T12:15:40.132Z", "expires_at": "2025-06-04T12:15:40Z"}}, {"model": "token_blacklist.outstandingtoken", "pk": 40, "fields": {"user": 1, "jti": "630e012861a5423b9b6f3293df3ce1fd", "token": "eyJhbGciOiJIUzI1NiIsInR5cCI6IkpXVCJ9.eyJ0b2tlbl90eXBlIjoicmVmcmVzaCIsImV4cCI6MTc0OTA0MDU4MiwiaWF0IjoxNzQ4OTU0MTgyLCJqdGkiOiI2MzBlMDEyODYxYTU0MjNiOWI2ZjMyOTNkZjNjZTFmZCIsInVzZXJfaWQiOjF9.r6_cD2flW67uI7QW-FxYdBT1UEq1xvduYJyAQ8uAP0E", "created_at": "2025-06-03T12:36:22.115Z", "expires_at": "2025-06-04T12:36:22Z"}}, {"model": "token_blacklist.outstandingtoken", "pk": 41, "fields": {"user": 5, "jti": "0ce914318d0140059c1227645bf06a06", "token": "eyJhbGciOiJIUzI1NiIsInR5cCI6IkpXVCJ9.eyJ0b2tlbl90eXBlIjoicmVmcmVzaCIsImV4cCI6MTc0OTA0MDc0MywiaWF0IjoxNzQ4OTU0MzQzLCJqdGkiOiIwY2U5MTQzMThkMDE0MDA1OWMxMjI3NjQ1YmYwNmEwNiIsInVzZXJfaWQiOjV9.JlOwM16_dPEaH8MfQAXiJBvdI8gXyaBBxQg0QGoYOyA", "created_at": "2025-06-03T12:39:03.546Z", "expires_at": "2025-06-04T12:39:03Z"}}, {"model": "token_blacklist.outstandingtoken", "pk": 42, "fields": {"user": 1, "jti": "3b11f74edfc5460a94a022503a0f5339", "token": "eyJhbGciOiJIUzI1NiIsInR5cCI6IkpXVCJ9.eyJ0b2tlbl90eXBlIjoicmVmcmVzaCIsImV4cCI6MTc0OTA0MjIwOCwiaWF0IjoxNzQ4OTU1ODA4LCJqdGkiOiIzYjExZjc0ZWRmYzU0NjBhOTRhMDIyNTAzYTBmNTMzOSIsInVzZXJfaWQiOjF9.sjR7HA20WlOf7PHMuy8_Tt5ulhsQNvl4LX7N7jga-r0", "created_at": "2025-06-03T13:03:28.632Z", "expires_at": "2025-06-04T13:03:28Z"}}, {"model": "token_blacklist.outstandingtoken", "pk": 43, "fields": {"user": 1, "jti": "8d377254981c4e31b76b338e25dfad78", "token": "eyJhbGciOiJIUzI1NiIsInR5cCI6IkpXVCJ9.eyJ0b2tlbl90eXBlIjoicmVmcmVzaCIsImV4cCI6MTc0OTA0MjkxNywiaWF0IjoxNzQ4OTU2NTE3LCJqdGkiOiI4ZDM3NzI1NDk4MWM0ZTMxYjc2YjMzOGUyNWRmYWQ3OCIsInVzZXJfaWQiOjF9.9al6pM1YYFyQ-zr9_V92ZIYLeaueHIf0SfMEWrfrat4", "created_at": "2025-06-03T13:15:17.707Z", "expires_at": "2025-06-04T13:15:17Z"}}, {"model": "token_blacklist.outstandingtoken", "pk": 44, "fields": {"user": 1, "jti": "c8d8862df1ba431d92564fd19c9fe900", "token": "eyJhbGciOiJIUzI1NiIsInR5cCI6IkpXVCJ9.eyJ0b2tlbl90eXBlIjoicmVmcmVzaCIsImV4cCI6MTc0OTA0MzQ3OSwiaWF0IjoxNzQ4OTU3MDc5LCJqdGkiOiJjOGQ4ODYyZGYxYmE0MzFkOTI1NjRmZDE5YzlmZTkwMCIsInVzZXJfaWQiOjF9.6VQhu4CgsOcd8dG3DzohhQln7XsabJ3BUpYqdfhBdUw", "created_at": "2025-06-03T13:24:39.801Z", "expires_at": "2025-06-04T13:24:39Z"}}, {"model": "token_blacklist.outstandingtoken", "pk": 45, "fields": {"user": 1, "jti": "1dabc3dc0781440588b948e5836dfee0", "token": "eyJhbGciOiJIUzI1NiIsInR5cCI6IkpXVCJ9.eyJ0b2tlbl90eXBlIjoicmVmcmVzaCIsImV4cCI6MTc0OTA0NDEwNSwiaWF0IjoxNzQ4OTU3NzA1LCJqdGkiOiIxZGFiYzNkYzA3ODE0NDA1ODhiOTQ4ZTU4MzZkZmVlMCIsInVzZXJfaWQiOjF9.OVMb1nyn-SZVuPGmwp9LMcmB9iUNXLKRq-JBfo6H2sY", "created_at": "2025-06-03T13:35:05.900Z", "expires_at": "2025-06-04T13:35:05Z"}}, {"model": "token_blacklist.outstandingtoken", "pk": 46, "fields": {"user": 1, "jti": "2d11c6b80742446c9ad45f836362a176", "token": "eyJhbGciOiJIUzI1NiIsInR5cCI6IkpXVCJ9.eyJ0b2tlbl90eXBlIjoicmVmcmVzaCIsImV4cCI6MTc0OTA0NDYxMSwiaWF0IjoxNzQ4OTU4MjExLCJqdGkiOiIyZDExYzZiODA3NDI0NDZjOWFkNDVmODM2MzYyYTE3NiIsInVzZXJfaWQiOjF9.ue2n42I-8A6EOKaF8oA3xRBQZ_bJ9_AYgyQSiFquyXU", "created_at": "2025-06-03T13:43:31.066Z", "expires_at": "2025-06-04T13:43:31Z"}}, {"model": "token_blacklist.blacklistedtoken", "pk": 1, "fields": {"token": 3, "blacklisted_at": "2025-06-02T10:58:31.774Z"}}, {"model": "token_blacklist.blacklistedtoken", "pk": 2, "fields": {"token": 27, "blacklisted_at": "2025-06-03T10:13:11.792Z"}}, {"model": "token_blacklist.blacklistedtoken", "pk": 3, "fields": {"token": 35, "blacklisted_at": "2025-06-03T11:26:51.737Z"}}, {"model": "token_blacklist.blacklistedtoken", "pk": 4, "fields": {"token": 36, "blacklisted_at": "2025-06-03T11:41:16.273Z"}}, {"model": "token_blacklist.blacklistedtoken", "pk": 5, "fields": {"token": 40, "blacklisted_at": "2025-06-03T12:37:02.266Z"}}]